Date,Open,High,Low,Close,Adj_Close,Volume
Oct 07 2020,	3338.00,	3416.50,	3331.75,	3406.75,	3406.75,	895709
Oct 08 2020,	3407.25,	3447.75,	3404.00,	3437.50,	3437.50,	638300
Oct 09 2020,	3447.00,	3480.00,	3445.50,	3473.25,	3473.25,	571111
Oct 12 2020,	3470.25,	3541.25,	3464.00,	3532.75,	3532.75,	726172
Oct 13 2020,	3533.75,	3536.00,	3491.25,	3504.75,	3504.75,	894785
Oct 14 2020,	3502.25,	3524.00,	3472.25,	3481.00,	3481.00,	901013
Oct 15 2020,	3479.50,	3486.75,	3431.50,	3475.50,	3475.50,	897971
Oct 16 2020,	3478.50,	3508.50,	3461.25,	3462.25,	3462.25,	719766
Oct 19 2020,	3470.75,	3496.50,	3410.75,	3422.75,	3422.75,	1027486
Oct 20 2020,	3435.75,	3469.75,	3418.00,	3432.25,	3432.25,	1078100
Oct 21 2020,	3435.25,	3457.75,	3420.75,	3432.50,	3432.50,	1034105
Oct 22 2020,	3430.50,	3453.00,	3402.25,	3449.25,	3449.25,	856913
Oct 23 2020,	3455.75,	3463.50,	3431.75,	3451.75,	3451.75,	773247
Oct 26 2020,	3446.00,	3447.00,	3356.00,	3393.50,	3393.50,	1270433
Oct 27 2020,	3394.50,	3410.25,	3368.00,	3383.00,	3383.00,	940467
Oct 28 2020,	3368.75,	3370.75,	3260.75,	3263.50,	3263.50,	1529943
Oct 29 2020,	3278.75,	3333.75,	3250.25,	3302.25,	3302.25,	1357129
Oct 30 2020,	3268.25,	3296.25,	3225.00,	3264.75,	3264.75,	1733336
Nov 02 2020,	3262.25,	3323.50,	3243.25,	3300.50,	3300.50,	1313229
Nov 03 2020,	3304.25,	3382.75,	3301.25,	3361.50,	3361.50,	1055224
Nov 04 2020,	3362.50,	3480.00,	3319.25,	3435.00,	3435.00,	1504508
Nov 05 2020,	3447.75,	3522.50,	3428.00,	3504.75,	3504.75,	1113831
Nov 06 2020,	3509.00,	3519.00,	3456.50,	3500.75,	3500.75,	1103710
Nov 09 2020,	3522.50,	3668.75,	3515.75,	3544.00,	3544.00,	1805691
Nov 10 2020,	3549.25,	3562.75,	3506.25,	3541.00,	3541.00,	1651819
Nov 11 2020,	3546.50,	3576.75,	3530.75,	3568.00,	3568.00,	978070
Nov 12 2020,	3574.50,	3575.00,	3513.00,	3532.50,	3532.50,	1209448
Nov 13 2020,	3538.00,	3590.00,	3518.25,	3582.00,	3582.00,	827963
Nov 16 2020,	3586.75,	3636.75,	3586.00,	3623.00,	3623.00,	853041
Nov 17 2020,	3626.00,	3630.00,	3584.00,	3606.75,	3606.75,	923520
Nov 18 2020,	3603.75,	3623.25,	3556.00,	3565.00,	3565.00,	974851
Nov 19 2020,	3561.75,	3582.50,	3542.00,	3580.00,	3580.00,	891717
Nov 20 2020,	3560.50,	3582.50,	3542.50,	3554.25,	3554.25,	754973
Nov 23 2020,	3546.25,	3596.00,	3545.00,	3576.00,	3576.00,	755342
Nov 24 2020,	3576.25,	3640.00,	3575.25,	3632.75,	3632.75,	763423
Nov 25 2020,	3635.75,	3655.00,	3615.25,	3627.25,	3627.25,	703798
Nov 30 2020,	3644.00,	3651.75,	3592.25,	3623.25,	3623.25,	993931
Dec 01 2020,	3631.25,	3677.50,	3625.75,	3660.50,	3660.50,	839881
Dec 02 2020,	3661.00,	3672.75,	3642.25,	3667.25,	3667.25,	678576
Dec 03 2020,	3671.00,	3682.00,	3655.25,	3664.50,	3664.50,	716871
Dec 04 2020,	3668.00,	3700.00,	3665.50,	3698.00,	3698.00,	567166
Dec 07 2020,	3695.00,	3705.00,	3672.25,	3690.75,	3690.75,	664937
Dec 08 2020,	3682.25,	3708.00,	3664.00,	3702.00,	3702.00,	672062
Dec 09 2020,	3707.25,	3715.00,	3659.25,	3672.50,	3672.50,	1143360
Dec 10 2020,	3669.75,	3681.25,	3644.00,	3668.50,	3668.50,	918121
Dec 11 2020,	3668.75,	3675.00,	3628.00,	3661.25,	3661.25,	296527
Dec 14 2020,	3677.50,	3698.50,	3644.25,	3646.50,	3646.50,	221323
Dec 15 2020,	3652.25,	3695.75,	3642.75,	3694.50,	3694.50,	115720
Dec 16 2020,	3695.00,	3711.50,	3687.25,	3700.75,	3700.75,	79520
Dec 17 2020,	3703.25,	3727.00,	3699.50,	3721.25,	3721.25,	62060
Dec 18 2020,	3722.25,	3748.25,	3708.00,	3726.25,	3726.25,	933634
Dec 21 2020,	3718.00,	3724.25,	3596.00,	3685.75,	3685.75,	1301639
Dec 22 2020,	3684.75,	3695.25,	3663.75,	3677.25,	3677.25,	869272
Dec 23 2020,	3674.50,	3701.50,	3651.00,	3681.50,	3681.50,	639737
Dec 28 2020,	3682.25,	3732.25,	3675.00,	3727.50,	3727.50,	473807
Dec 29 2020,	3730.00,	3747.75,	3714.50,	3720.00,	3720.00,	650390
Dec 30 2020,	3724.25,	3738.25,	3716.50,	3724.25,	3724.25,	457574
Dec 31 2020,	3725.00,	3753.00,	3715.00,	3748.75,	3748.75,	400961
Jan 04 2021,	3748.50,	3773.25,	3652.50,	3692.25,	3692.25,	1290071
Jan 05 2021,	3695.00,	3729.75,	3673.25,	3718.25,	3718.25,	961746
Jan 06 2021,	3716.75,	3774.75,	3685.50,	3740.50,	3740.50,	1423087
Jan 07 2021,	3751.50,	3804.00,	3742.00,	3795.50,	3795.50,	760416
Jan 08 2021,	3797.50,	3824.25,	3775.25,	3817.50,	3817.50,	1035440
Jan 11 2021,	3815.75,	3820.75,	3776.25,	3792.00,	3792.00,	804542
Jan 12 2021,	3793.75,	3806.75,	3767.75,	3794.50,	3794.50,	848854
Jan 13 2021,	3792.50,	3813.50,	3776.50,	3803.75,	3803.75,	703893
Jan 14 2021,	3807.50,	3817.75,	3786.25,	3791.25,	3791.25,	709837
Jan 15 2021,	3792.75,	3797.75,	3741.50,	3762.25,	3762.25,	1067450
Jan 19 2021,	3750.25,	3797.00,	3741.00,	3790.50,	3790.50,	767205
Jan 20 2021,	3795.75,	3852.50,	3788.75,	3845.00,	3845.00,	626632
Jan 21 2021,	3841.25,	3859.75,	3836.50,	3846.00,	3846.00,	553426
Jan 22 2021,	3846.50,	3849.50,	3813.50,	3834.25,	3834.25,	630792
Jan 25 2021,	3835.00,	3853.50,	3788.50,	3848.50,	3848.50,	1191844
Jan 26 2021,	3845.25,	3862.50,	3821.50,	3842.50,	3842.50,	779412
Jan 27 2021,	3845.50,	3853.00,	3706.25,	3744.25,	3744.25,	1611192
Jan 28 2021,	3735.00,	3823.75,	3703.25,	3779.25,	3779.25,	1446451
Jan 29 2021,	3769.50,	3777.00,	3685.50,	3705.25,	3705.25,	1705079
Feb 01 2021,	3692.75,	3777.00,	3657.00,	3765.75,	3765.75,	1085502
Feb 02 2021,	3764.50,	3835.75,	3759.75,	3818.25,	3818.25,	923295
Feb 03 2021,	3829.25,	3843.50,	3807.75,	3823.50,	3823.50,	803413
Feb 04 2021,	3833.00,	3869.75,	3811.50,	3864.50,	3864.50,	683457
Feb 05 2021,	3864.00,	3888.50,	3860.00,	3880.25,	3880.25,	605142
Feb 08 2021,	3888.25,	3911.25,	3885.50,	3908.00,	3908.00,	523552
Feb 09 2021,	3910.50,	3913.50,	3895.00,	3905.50,	3905.50,	505173
Feb 10 2021,	3912.00,	3928.25,	3878.50,	3903.00,	3903.00,	1048702
Feb 11 2021,	3906.75,	3920.75,	3884.50,	3912.00,	3912.00,	845446
Feb 12 2021,	3905.50,	3936.25,	3890.25,	3931.00,	3931.00,	538150
Feb 16 2021,	3936.25,	3959.25,	3918.75,	3927.75,	3927.75,	846600
Feb 17 2021,	3929.50,	3932.50,	3896.50,	3928.00,	3928.00,	844376
Feb 18 2021,	3928.00,	3936.00,	3880.50,	3909.50,	3909.50,	891820
Feb 19 2021,	3911.00,	3931.25,	3890.25,	3903.00,	3903.00,	776526
Feb 22 2021,	3905.00,	3914.25,	3861.25,	3873.50,	3873.50,	867790
Feb 23 2021,	3877.75,	3895.75,	3804.75,	3878.00,	3878.00,	1448708
Feb 24 2021,	3876.50,	3927.75,	3851.75,	3922.50,	3922.50,	1166913
Feb 25 2021,	3923.75,	3934.50,	3810.25,	3828.00,	3828.00,	1784926
Feb 26 2021,	3823.00,	3858.75,	3785.00,	3809.25,	3809.25,	1906843
Mar 01 2021,	3817.00,	3912.00,	3812.50,	3898.75,	3898.75,	963058
Mar 02 2021,	3903.00,	3906.75,	3865.75,	3867.50,	3867.50,	1240740
Mar 03 2021,	3867.75,	3897.75,	3813.00,	3816.75,	3816.75,	1541944
Mar 04 2021,	3817.75,	3842.00,	3720.50,	3765.50,	3765.50,	2214003
Mar 05 2021,	3765.00,	3850.00,	3728.50,	3839.00,	3839.00,	2201668
Mar 08 2021,	3854.50,	3879.25,	3796.25,	3819.25,	3819.25,	1587819
Mar 09 2021,	3831.50,	3901.25,	3826.25,	3873.25,	3873.25,	943071
Mar 10 2021,	3877.00,	3916.25,	3856.75,	3896.50,	3896.50,	1131511
Mar 11 2021,	3908.75,	3958.50,	3893.00,	3936.75,	3936.75,	731693
Mar 12 2021,	3937.25,	3947.75,	3910.00,	3942.25,	3942.25,	350592
Mar 15 2021,	3946.00,	3969.75,	3922.00,	3967.50,	3967.50,	149588
Mar 16 2021,	3966.25,	3980.25,	3952.75,	3962.50,	3962.50,	118247
Mar 17 2021,	3965.50,	3983.75,	3935.25,	3974.00,	3974.00,	118706
Mar 18 2021,	3971.75,	3988.50,	3907.50,	3916.50,	3916.50,	93285
Mar 19 2021,	3921.25,	3934.50,	3906.75,	3912.62,	3912.62,	1073241
Mar 22 2021,	3893.75,	3944.50,	3885.00,	3930.00,	3930.00,	756434
Mar 23 2021,	3933.00,	3938.75,	3890.50,	3899.75,	3899.75,	1142576
Mar 24 2021,	3905.50,	3931.75,	3877.50,	3880.75,	3880.75,	1171625
Mar 25 2021,	3883.00,	3909.50,	3843.25,	3900.50,	3900.50,	1454050
Mar 26 2021,	3907.75,	3967.75,	3900.75,	3964.75,	3964.75,	1042676
Mar 29 2021,	3961.50,	3971.25,	3929.00,	3959.00,	3959.00,	1376697
Mar 30 2021,	3964.25,	3969.00,	3933.75,	3947.75,	3947.75,	1057421
Mar 31 2021,	3949.50,	3983.75,	3941.50,	3967.50,	3967.50,	764414
Apr 01 2021,	3967.00,	4015.25,	3964.50,	4010.00,	4010.00,	673486
Apr 05 2021,	4028.50,	4073.75,	4021.00,	4067.75,	4067.75,	589360
Apr 06 2021,	4070.00,	4076.00,	4052.25,	4064.00,	4064.00,	732333
Apr 07 2021,	4067.00,	4075.75,	4056.50,	4070.00,	4070.00,	669472
Apr 08 2021,	4075.00,	4098.50,	4072.50,	4089.00,	4089.00,	591195
Apr 09 2021,	4098.00,	4121.50,	4081.00,	4119.50,	4119.50,	626181
Apr 12 2021,	4114.00,	4124.25,	4104.50,	4120.25,	4120.25,	665456
Apr 13 2021,	4122.50,	4139.75,	4101.25,	4132.75,	4132.75,	646010
Apr 14 2021,	4134.50,	4143.75,	4113.00,	4118.00,	4118.00,	1026844
Apr 15 2021,	4123.25,	4166.75,	4119.50,	4162.50,	4162.50,	656640
Apr 16 2021,	4162.50,	4183.50,	4154.25,	4176.25,	4176.25,	694848
Apr 19 2021,	4165.50,	4174.75,	4142.00,	4155.50,	4155.50,	1024651
Apr 20 2021,	4156.50,	4167.50,	4110.50,	4126.50,	4126.50,	1144209
Apr 21 2021,	4120.75,	4167.25,	4112.75,	4164.75,	4164.75,	849638
Apr 22 2021,	4157.75,	4171.75,	4115.25,	4127.75,	4127.75,	1323732
Apr 23 2021,	4129.75,	4186.75,	4127.50,	4171.50,	4171.50,	756478
Apr 26 2021,	4170.50,	4186.00,	4163.25,	4179.50,	4179.50,	557351
Apr 27 2021,	4181.50,	4191.75,	4166.75,	4179.00,	4179.00,	572040
Apr 28 2021,	4180.50,	4194.00,	4170.25,	4176.25,	4176.25,	675029
Apr 29 2021,	4185.00,	4210.75,	4168.00,	4203.50,	4203.50,	959965
Apr 30 2021,	4200.50,	4201.25,	4167.25,	4174.50,	4174.50,	945134
May 03 2021,	4181.25,	4202.50,	4181.00,	4185.75,	4185.75,	656266
May 04 2021,	4184.00,	4185.75,	4120.50,	4158.25,	4158.25,	1198349
May 05 2021,	4158.50,	4180.00,	4153.00,	4160.00,	4160.00,	797762
May 06 2021,	4159.00,	4197.00,	4140.50,	4194.25,	4194.25,	1088435
May 07 2021,	4196.50,	4232.25,	4191.75,	4225.25,	4225.25,	788472
May 10 2021,	4226.50,	4238.00,	4172.00,	4183.50,	4183.50,	929364
May 11 2021,	4177.00,	4185.50,	4103.75,	4146.25,	4146.25,	1592809
May 12 2021,	4140.25,	4150.25,	4051.00,	4058.75,	4058.75,	1630334
May 13 2021,	4053.75,	4126.75,	4029.25,	4107.00,	4107.00,	1390197
May 14 2021,	4112.25,	4178.25,	4104.75,	4169.00,	4169.00,	741723
May 17 2021,	4169.25,	4178.75,	4136.50,	4157.75,	4157.75,	840517
May 18 2021,	4159.50,	4179.50,	4111.75,	4123.00,	4123.00,	754371
May 19 2021,	4114.25,	4123.00,	4055.75,	4111.50,	4111.50,	1331299
May 20 2021,	4108.00,	4169.00,	4084.50,	4154.25,	4154.25,	866585
May 21 2021,	4152.75,	4185.00,	4147.00,	4151.75,	4151.75,	905340
May 24 2021,	4151.25,	4206.25,	4142.50,	4193.75,	4193.75,	565613
May 25 2021,	4199.50,	4212.75,	4179.25,	4185.50,	4185.50,	750389
May 26 2021,	4188.25,	4204.50,	4180.50,	4193.00,	4193.00,	613012
May 27 2021,	4193.25,	4211.50,	4177.75,	4199.00,	4199.00,	631352
May 28 2021,	4211.50,	4217.75,	4201.00,	4202.50,	4202.50,	525234
Jun 01 2021,	4206.50,	4230.00,	4189.75,	4198.50,	4198.50,	807350
Jun 02 2021,	4198.25,	4215.00,	4190.75,	4206.25,	4206.25,	660607
Jun 03 2021,	4207.50,	4213.50,	4165.00,	4191.25,	4191.25,	872101
Jun 04 2021,	4191.00,	4232.00,	4177.00,	4228.25,	4228.25,	571086
Jun 07 2021,	4232.00,	4234.50,	4214.00,	4225.50,	4225.50,	598200
Jun 08 2021,	4227.50,	4236.75,	4206.00,	4225.75,	4225.75,	752116
Jun 09 2021,	4225.75,	4235.50,	4217.00,	4218.50,	4218.50,	561993
Jun 10 2021,	4222.25,	4249.00,	4207.00,	4238.00,	4238.00,	737328
Jun 11 2021,	4240.00,	4247.75,	4230.75,	4245.75,	4245.75,	147389
Jun 14 2021,	4246.50,	4257.50,	4233.50,	4254.75,	4254.75,	82896
Jun 15 2021,	4255.25,	4267.50,	4238.00,	4246.50,	4246.50,	61522
Jun 16 2021,	4248.00,	4251.25,	4200.75,	4223.00,	4223.00,	69818
Jun 17 2021,	4214.25,	4232.50,	4192.75,	4222.25,	4222.25,	74669
Jun 18 2021,	4222.75,	4231.50,	4183.75,	4187.25,	4187.25,	983593
Jun 21 2021,	4142.50,	4219.75,	4126.50,	4213.75,	4213.75,	724705
Jun 22 2021,	4219.00,	4245.25,	4205.75,	4236.25,	4236.25,	524090
Jun 23 2021,	4237.75,	4248.25,	4230.50,	4231.50,	4231.50,	431530
Jun 24 2021,	4233.75,	4263.25,	4232.00,	4256.00,	4256.00,	412380
Jun 25 2021,	4262.25,	4276.75,	4253.50,	4271.25,	4271.25,	388417
Jun 28 2021,	4275.00,	4282.00,	4264.25,	4280.50,	4280.50,	439455
Jun 29 2021,	4281.25,	4291.00,	4271.50,	4282.00,	4282.00,	448502
Jun 30 2021,	4284.50,	4294.00,	4269.25,	4288.50,	4288.50,	535229
Jul 01 2021,	4293.75,	4312.00,	4286.00,	4310.75,	4310.75,	498634
Jul 02 2021,	4310.00,	4347.00,	4308.25,	4342.75,	4342.75,	446891
Jul 06 2021,	4340.25,	4348.25,	4305.50,	4334.00,	4334.00,	735486
Jul 07 2021,	4328.75,	4353.00,	4320.25,	4349.75,	4349.75,	683795
Jul 08 2021,	4352.75,	4353.00,	4279.25,	4313.00,	4313.00,	1139550
Jul 09 2021,	4310.75,	4363.50,	4293.00,	4360.00,	4360.00,	579934
Jul 12 2021,	4362.25,	4378.75,	4341.75,	4376.50,	4376.50,	497451
Jul 13 2021,	4376.75,	4383.75,	4356.50,	4361.25,	4361.25,	660164
Jul 14 2021,	4359.75,	4384.50,	4349.75,	4367.75,	4367.75,	691858
Jul 15 2021,	4367.00,	4370.25,	4332.25,	4352.00,	4352.00,	772186
Jul 16 2021,	4348.00,	4368.00,	4314.25,	4318.50,	4318.50,	755256
Jul 19 2021,	4320.25,	4322.25,	4224.00,	4251.25,	4251.25,	1324064
Jul 20 2021,	4263.00,	4328.75,	4252.75,	4315.50,	4315.50,	900448
Jul 21 2021,	4319.00,	4355.25,	4309.75,	4350.50,	4350.50,	578208
Jul 22 2021,	4355.25,	4371.50,	4341.50,	4359.50,	4359.50,	500563
Jul 23 2021,	4371.00,	4407.75,	4367.50,	4403.00,	4403.00,	474398
Jul 26 2021,	4400.25,	4416.75,	4375.50,	4414.25,	4414.25,	507978
Jul 27 2021,	4415.75,	4416.00,	4364.50,	4394.50,	4394.50,	934515
Jul 28 2021,	4379.75,	4407.75,	4375.75,	4393.75,	4393.75,	697343
Jul 29 2021,	4393.25,	4422.75,	4380.25,	4411.75,	4411.75,	544719
Jul 30 2021,	4394.75,	4405.00,	4370.50,	4389.50,	4389.50,	747455
Aug 02 2021,	4395.50,	4419.75,	4377.25,	4379.75,	4379.75,	693668
Aug 03 2021,	4384.25,	4417.00,	4365.25,	4415.00,	4415.00,	756469
Aug 04 2021,	4409.00,	4415.25,	4391.25,	4394.75,	4394.75,	555035
Aug 05 2021,	4396.75,	4422.50,	4393.75,	4421.50,	4421.50,	392989
Aug 06 2021,	4420.50,	4433.25,	4416.00,	4429.50,	4429.50,	463755
Aug 09 2021,	4428.25,	4432.00,	4412.25,	4425.75,	4425.75,	421819
Aug 10 2021,	4427.00,	4438.25,	4416.75,	4430.00,	4430.00,	434681
Aug 11 2021,	4429.00,	4443.50,	4420.50,	4440.50,	4440.50,	448269
Aug 12 2021,	4440.50,	4456.25,	4430.25,	4454.50,	4454.50,	365690
Aug 13 2021,	4456.00,	4463.25,	4451.00,	4462.50,	4462.50,	352574
Aug 16 2021,	4456.25,	4476.50,	4432.50,	4474.00,	4474.00,	658401
Aug 17 2021,	4471.00,	4472.25,	4412.00,	4443.50,	4443.50,	1042708
Aug 18 2021,	4437.00,	4449.75,	4381.75,	4394.50,	4394.50,	936206
Aug 19 2021,	4389.25,	4414.75,	4347.50,	4401.50,	4401.50,	1248532
Aug 20 2021,	4403.50,	4440.50,	4371.75,	4437.00,	4437.00,	814722
Aug 23 2021,	4435.25,	4485.75,	4433.50,	4475.50,	4475.50,	496055
Aug 24 2021,	4481.00,	4492.00,	4476.75,	4482.50,	4482.50,	428828
Aug 25 2021,	4483.75,	4498.00,	4476.25,	4493.00,	4493.00,	400720
Aug 26 2021,	4493.25,	4494.50,	4465.00,	4466.50,	4466.50,	784883
Aug 27 2021,	4469.75,	4510.00,	4462.00,	4505.50,	4505.50,	540107
Aug 30 2021,	4508.50,	4534.50,	4500.75,	4525.25,	4525.25,	509281
Aug 31 2021,	4529.50,	4542.25,	4512.75,	4520.50,	4520.50,	775486
Sep 01 2021,	4527.50,	4540.00,	4519.25,	4521.25,	4521.25,	580462
Sep 02 2021,	4522.50,	4544.00,	4516.00,	4535.25,	4535.25,	588129
Sep 03 2021,	4536.50,	4550.00,	4519.25,	4534.50,	4534.50,	655159
Sep 07 2021,	4533.25,	4548.00,	4510.75,	4519.25,	4519.25,	763253
Sep 08 2021,	4517.75,	4524.75,	4492.00,	4512.50,	4512.50,	804048
Sep 09 2021,	4511.25,	4529.00,	4485.50,	4492.25,	4492.25,	794664
Sep 10 2021,	4490.75,	4518.25,	4456.50,	4458.25,	4458.25,	318006
Sep 13 2021,	4461.25,	4492.75,	4444.25,	4469.00,	4469.00,	238911
Sep 14 2021,	4475.75,	4489.00,	4435.25,	4444.50,	4444.50,	138861
Sep 15 2021,	4447.00,	4487.50,	4437.50,	4481.75,	4481.75,	124317
Sep 16 2021,	4484.75,	4487.75,	4443.00,	4474.25,	4474.25,	83475
Sep 17 2021,	4471.75,	4482.25,	4459.00,	4464.33,	4464.33,	946289
Sep 20 2021,	4411.50,	4421.75,	4294.00,	4421.75,	4421.75,	1230989
Sep 21 2021,	4342.75,	4395.50,	4329.00,	4343.25,	4343.25,	1188465
Sep 22 2021,	4337.25,	4406.25,	4321.00,	4384.00,	4384.00,	966992
Sep 23 2021,	4385.75,	4455.00,	4385.25,	4438.00,	4438.00,	726540
Sep 24 2021,	4439.25,	4453.00,	4410.50,	4445.75,	4445.75,	680375
Sep 27 2021,	4446.25,	4472.00,	4425.00,	4433.00,	4433.00,	679707
Sep 28 2021,	4429.50,	4442.00,	4334.50,	4343.50,	4343.50,	1332967
Sep 29 2021,	4347.75,	4378.75,	4344.25,	4349.75,	4349.75,	1089102
Sep 30 2021,	4358.25,	4388.50,	4294.25,	4297.75,	4297.75,	1228951
Oct 01 2021,	4301.75,	4365.75,	4260.00,	4343.75,	4343.75,	1334932
Oct 04 2021,	4348.75,	4362.00,	4267.75,	4291.25,	4291.25,	1333943
Oct 05 2021,	4296.50,	4359.75,	4269.00,	4334.00,	4334.00,	933723
Oct 06 2021,	4334.25,	4357.50,	4273.75,	4354.00,	4354.00,	933723
Oct 07 2021,	4355.25,	4421.50,	4354.50,	4407.00,	4407.00,	597836
